{"cameraMode":{"drawMode":0,"name":"Shaded","section":"Shading Mode"},"sceneLighting":true,"audioPlay":false,"sceneViewState":{"showFog":true,"showMaterialUpdate":false,"showSkybox":true,"showFlares":true,"showImageEffects":true,"showParticleSystems":true},"in2DMode":false,"pivot":{"x":0.2820143699645996,"y":0.8211205005645752,"z":0.9943265318870544},"rotation":{"x":-0.32707104086875918,"y":0.4815603792667389,"z":-0.19980056583881379,"w":-0.7882372736930847},"size":1.9385640621185303,"orthographic":false}